{
  "label": "N3",
  "config_path": "config/config_bouncing_balls_N3.yaml",
  "n_balls": 3,
  "ncp": 500,
  "methods_run": [
    "jax_ad",
    "jax_da"
  ],
  "jax_da": {
    "total_time_s": 21.904087355011143,
    "avg_iter_time_ms": 61.37755004974101,
    "iterations": 300,
    "converged": false,
    "final_validation_loss": 9.375024887229906e-05,
    "p_opt": {
      "g": 9.83654706071197,
      "e_g": 0.49422299474859077,
      "e_b": 0.6009456780987712,
      "d_sq": 0.05,
      "y_max": 10.0,
      "y_min": 0.0,
      "x_max": 10.0,
      "x_min": 0.0
    },
    "p_true": {
      "g": 9.81,
      "e_g": 0.5,
      "e_b": 0.6,
      "d_sq": 0.05,
      "y_max": 10.0,
      "y_min": 0.0,
      "x_max": 10.0,
      "x_min": 0.0
    },
    "opt_param_names": [
      "g",
      "e_g",
      "e_b"
    ],
    "prediction_error_history": [
      1.0099504938362078,
      1.0001499887970187,
      0.990555342482113,
      0.9811655671098388,
      0.9719710662377352,
      0.962949402317607,
      0.954060924827315,
      0.9452472464284514,
      0.9364372846072099,
      0.9275592100648569,
      0.9185557251254148,
      0.9093926082287866,
      0.9000595819607626,
      0.8905661413983721,
      0.8809352714378628,
      0.8711961922384548,
      0.8613796637389121,
      0.8515144277501452,
      0.841625049708273,
      0.8317300054565683,
      0.8218420781971885,
      0.8119682944650871,
      0.8021111434596934,
      0.7922713618565583,
      0.7824486923929438,
      0.7726428900570095,
      0.7628543757426747,
      0.7530834455494102,
      0.743328592645203,
      0.7335862411334935,
      0.723850347745044,
      0.7141129434135579,
      0.704365050169449,
      0.6945982210187329,
      0.6848057756810156,
      0.6749836846609505,
      0.6651310889424592,
      0.6552490557631936,
      0.6453390676236633,
      0.635402209827769,
      0.6254385932242786,
      0.6154460368526329,
      0.6054221603440699,
      0.5953664860844169,
      0.5852839228487272,
      0.5751878530827461,
      0.5651009307398344,
      0.5550519168735697,
      0.5450691836054393,
      0.5351736215316403,
      0.5253732572824632,
      0.5156613449663734,
      0.506018509181598,
      0.4964188228114215,
      0.4868376160346827,
      0.47725727634364756,
      0.46766874131424474,
      0.4580684728650619,
      0.44845328557160585,
      0.4388163485563645,
      0.42914747790952695,
      0.4194375456506397,
      0.40968455045572316,
      0.399898894654064,
      0.39010486141739886,
      0.380336678628544,
      0.3706301788788208,
      0.36101314280021657,
      0.3514986047128888,
      0.3420833519983783,
      0.3327522662510329,
      0.3234862969530274,
      0.31426993131183967,
      0.3050948084408897,
      0.2959591418129879,
      0.2868647917655046,
      0.2778145957495132,
      0.26881152111596235,
      0.2598601860746457,
      0.25096906320677126,
      0.24215137861324265,
      0.2334231674452028,
      0.22479870271156235,
      0.2162853115708677,
      0.2078808493951602,
      0.19957539116426706,
      0.19135674812433195,
      0.1832170472045235,
      0.17515674039221163,
      0.16718406731596666,
      0.15931080827276567,
      0.15154720088406462,
      0.14389908061269063,
      0.13636859193701004,
      0.1289575316901185,
      0.12167022435609823,
      0.11451369542433273,
      0.10749494852355297,
      0.10061771373624182,
      0.09388151419935027,
      0.08728405801893681,
      0.08082537229501598,
      0.07451067166980925,
      0.06834993293011254,
      0.06235422344295145,
      0.05653185010894294,
      0.05088648129466999,
      0.045418937905922434,
      0.04013081130929398,
      0.03502714821802006,
      0.030116438787648803,
      0.025408602290195648,
      0.02091372533725999,
      0.016644821795360018,
      0.012628517471682029,
      0.008935917673395601,
      0.005796255991853273,
      0.004038462586625549,
      0.0048690008347390635,
      0.0071905795499422375,
      0.00982446194955015,
      0.012439563588441747,
      0.01494379138165296,
      0.01730573863627133,
      0.019513373098925053,
      0.02156280247202278,
      0.023454499565004915,
      0.025191246485085684,
      0.026776646715528925,
      0.02821440876088911,
      0.029508525972306406,
      0.030663909827697754,
      0.03168675411003783,
      0.03258422490406043,
      0.03336371027174563,
      0.03403221604592422,
      0.03459630351218738,
      0.03506244694832546,
      0.035437330878459995,
      0.03572772867248131,
      0.03594006490240466,
      0.03608009522478346,
      0.03615302857102161,
      0.036164001274804125,
      0.03611849294718535,
      0.03602233607539893,
      0.03588134041796005,
      0.035700874781667516,
      0.035485737108919405,
      0.03524034337767469,
      0.03496897646472172,
      0.03467582225758176,
      0.03436477173444591,
      0.034039218659407684,
      0.033702085895538206,
      0.033356084186265414,
      0.03300398182122841,
      0.03264865554463544,
      0.032292897865233684,
      0.031939168371942356,
      0.03158949924230238,
      0.031245596452659223,
      0.030908999419916077,
      0.030581130491428726,
      0.030263214055772144,
      0.02995618815966847,
      0.029660736274949643,
      0.02937743645572788,
      0.029106900883752555,
      0.028849784144898357,
      0.028606661977139815,
      0.02837789728702027,
      0.028163607519743207,
      0.027963741125269014,
      0.027778173187003513,
      0.02760673356144893,
      0.027449168910263767,
      0.027305113196614904,
      0.02717412506570597,
      0.027055772134792086,
      0.026949682655954037,
      0.026855516033386755,
      0.02677288022320005,
      0.026701272709718553,
      0.0266400935574679,
      0.026588708153699885,
      0.02654649725299353,
      0.02651285854657297,
      0.026487181752136876,
      0.026468844191716953,
      0.026457243234119715,
      0.026451833999531313,
      0.026452129997429,
      0.02645766132375142,
      0.02646792875546616,
      0.0264823956156862,
      0.026500520775998498,
      0.026521797956891854,
      0.02654576741016013,
      0.026572000576336897,
      0.02660008632905336,
      0.02662963926098558,
      0.026660319673667394,
      0.026691838170840792,
      0.026723933824740014,
      0.026756344489276256,
      0.026788797214407568,
      0.026821026044384837,
      0.026852797459916377,
      0.026883919445794408,
      0.026914230884138655,
      0.026943588649777833,
      0.026971867977141493,
      0.0269989722115524,
      0.027024835250454408,
      0.027049408513482462,
      0.027072643117398185,
      0.02709448455857201,
      0.02711488421208506,
      0.027133814697717945,
      0.02715127392341439,
      0.027167276515117984,
      0.027181844419985272,
      0.02719500638250258,
      0.027206803096070962,
      0.027217287491737713,
      0.027226516206707192,
      0.027234539945064352,
      0.027241402771468814,
      0.02724715076686385,
      0.02725184054961358,
      0.027255539272882864,
      0.02725831771749327,
      0.027260244858840366,
      0.027261388583318096,
      0.027261818741068804,
      0.027261606162029692,
      0.02726081719609728,
      0.027259509766711258,
      0.027257735738126367,
      0.027255547237746616,
      0.02725300026683844,
      0.027250152405104356,
      0.027247058049714796,
      0.02724376648418947,
      0.02724032361151818,
      0.02723677353600197,
      0.027233157030411972,
      0.02722950864185314,
      0.02722585643856492,
      0.027222225366039465,
      0.027218640843819097,
      0.027215129008483687,
      0.027211713959379543,
      0.027208415483406207,
      0.027205249448308433,
      0.027202229454773495,
      0.027199367107285655,
      0.027196670637498064,
      0.02719414416048126,
      0.02719178918729811,
      0.027189607133894882,
      0.02718760025251447,
      0.02718577028024013,
