{
  "label": "N15",
  "config_path": "config/config_bouncing_balls_N15.yaml",
  "n_balls": 15,
  "ncp": 500,
  "methods_run": [
    "jax_ad"
  ],
  "jax_ad": {
    "total_time_s": 77.68112105198088,
    "avg_iter_time_ms": 111.51802299279123,
    "iterations": 600,
    "converged": false,
    "final_validation_loss": 1.3497020726321558e-05,
    "p_opt": {
      "g": 9.806874675815648,
      "e_g": 0.5009282478337872,
      "e_b": 0.602536288376005
    },
    "p_true": {
      "g": 9.81,
      "e_g": 0.5,
      "e_b": 0.6
    },
    "opt_param_names": [
      "g",
      "e_g",
      "e_b"
    ],
    "prediction_error_history": [
      1.0099504938362078,
      0.998148287499248,
      0.9865170286033472,
      0.9750659767894547,
      0.9638016089170416,
      0.9527262706095309,
      0.9418352206585279,
      0.9311161197887694,
      0.9205482832661391,
      0.9101067971478333,
      0.8997642026414503,
      0.889495431539404,
      0.8792808505864839,
      0.8691095874974505,
      0.858977513365991,
      0.8488864160816395,
      0.8388396937412619,
      0.8288473770677299,
      0.8189201904272249,
      0.8090643946872793,
      0.7992802598490144,
      0.7895631120854233,
      0.7799135205821666,
      0.7703265640244352,
      0.7607939788946968,
      0.751307654897796,
      0.741859682477726,
      0.732444085379545,
      0.7230576053276785,
      0.7137012503829089,
      0.7043787070044273,
      0.6950967907271001,
      0.6858618856807308,
      0.6766815423931839,
      0.6675605434882812,
      0.6585041542463905,
      0.6495141795864453,
      0.6405923192601881,
      0.6317377877886141,
      0.6229504183468417,
      0.6142288299575018,
      0.6055734409223673,
      0.5969820858491519,
      0.5884569873368922,
      0.5800001591467681,
      0.5716125533318753,
      0.563297227612266,
      0.5550554363069328,
      0.5468872498724169,
      0.5387910322794205,
      0.5307656973545273,
      0.5228094614101361,
      0.5149205412355677,
      0.5070956487161369,
      0.49933465261747667,
      0.49163805059200655,
      0.48400557182294623,
      0.47643855751181596,
      0.4689394321130002,
      0.4615097790644408,
      0.4541519744402105,
      0.4468671293436605,
      0.43965492394694367,
      0.43251661300041666,
      0.4254531913580015,
      0.4184648807248718,
      0.41155103471046417,
      0.40471210886385095,
      0.39794783195421285,
      0.39125853698900737,
      0.38464263207388705,
      0.3781001866935583,
      0.37163047134395055,
      0.36523289745425785,
      0.3589064858666756,
      0.35265059457998177,
      0.3464642413598203,
      0.3403468466228786,
      0.334298851724458,
      0.3283198050745108,
      0.3224103289083783,
      0.3165714565346134,
      0.31080415513164056,
      0.3051088116491692,
      0.2994859626411443,
      0.29393561470067353,
      0.28845800442940317,
      0.28305305402570674,
      0.27772010344931475,
      0.27245850433138913,
      0.2672680651740231,
      0.2621475280544755,
      0.2570963036522327,
      0.25211409451677375,
      0.24720052251084637,
      0.24235485226528636,
      0.23757668288790323,
      0.2328656896378116,
      0.22822161928936513,
      0.22364384418410835,
      0.21913239760442388,
      0.2146871335595166,
      0.21030713497213382,
      0.20600276705546441,
      0.20176986434646998,
      0.19760643089658902,
      0.19350935359875052,
      0.18947650807610414,
      0.18550669930560446,
      0.18159965483972992,
      0.17775517627206083,
      0.17397328938559511,
      0.17025338286749364,
      0.16659404211009982,
      0.16299328255643666,
      0.15944915981678096,
      0.1559601837602106,
      0.1525256643150506,
      0.1491453652642526,
      0.1458194176297367,
      0.14254843679078652,
      0.13933306861782668,
      0.13617382941027717,
      0.13307079534265678,
      0.1300233425576584,
      0.12705737710917975,
      0.12415243601100835,
      0.12130145904388676,
      0.11849921051611531,
      0.11574352869647786,
      0.11303562845221275,
      0.11037810539776757,
      0.10777300837594786,
      0.10522030504898625,
      0.10271748445619706,
      0.1002604143382634,
      0.09786034703138147,
      0.09551270921324802,
      0.09321689097601574,
      0.09096930056094041,
      0.08876507638976815,
      0.08659985891802394,
      0.08447122450071308,
      0.0823791306619716,
      0.08032533760348809,
      0.07831175969214454,
      0.07633969002098613,
      0.07446710157254,
      0.07263392262746321,
      0.07083424716639299,
      0.06906322241620952,
      0.06731820386246264,
      0.06559944144283,
      0.0639091776596287,
      0.062250199618327805,
      0.06062470100038846,
      0.05903350991915693,
      0.057476109019478215,
      0.05595106028671016,
      0.05445685650320673,
      0.05299257456774122,
      0.05155810406087902,
      0.050153922512913805,
      0.04878065306179073,
      0.04743866105684643,
      0.04612789442276944,
      0.04484796637402155,
      0.04359838822284158,
      0.04237873826278131,
      0.041188651655783906,
      0.0400276387318988,
      0.038894835824570574,
      0.03778885243494657,
      0.03670784281297049,
      0.035649817056609585,
      0.034613055403443616,
      0.03359648380085872,
      0.0325998675840763,
      0.03162371693982051,
      0.030668997372179034,
      0.029736755167605287,
      0.02882778626652819,
      0.02794248335565369,
      0.027080833564581706,
      0.026242519824157054,
      0.025469108995230357,
      0.02480111270941995,
      0.024177015822327605,
      0.023545485445218596,
      0.02288313133235888,
      0.02219582875475221,
      0.02150676900495953,
      0.02083951757037702,
      0.02020524640127034,
      0.019814682928665492,
      0.019471719425206924,
      0.019140859583501157,
      0.018785426803978524,
      0.018377922743279165,
      0.017906474391464228,
      0.017375620213220144,
      0.01680271809251024,
      0.016210435034594607,
      0.015619488626529463,
      0.015044160544660993,
      0.014491430077900748,
      0.014331097847301483,
      0.01421919270063267,
      0.014072035504594991,
      0.013818114386119327,
      0.013427915454974324,
      0.012921366345431569,
      0.01235515341038548,
      0.011797176270450368,
      0.011298325930437964,
      0.010874837395336519,
      0.010510166546722672,
      0.010173221400316816,
      0.009839324618864904,
      0.009501864780974114,
      0.00917031127208146,
      0.009056834798592468,
      0.009261012043936883,
      0.009494488513652751,
      0.009526278100381692,
      0.009272708323776392,
      0.008790680407518459,
      0.008227621219884265,
      0.007745438978504375,
      0.007434820296402368,
      0.007269549758138989,
      0.007145795552796759,
      0.006966951106627236,
      0.006701044370487287,
      0.006386016183123075,
      0.00609582488294552,
      0.00588769716450956,
      0.005762081066257352,
      0.0056661573833926004,
      0.005535418423268816,
      0.005336022723586023,
      0.00508230632650562,
      0.004827031261065603,
      0.004630076684221919,
      0.004520089175919595,
      0.0044751988231721525,
      0.004439933469223896,
      0.004361323133123597,
      0.004215188785516692,
      0.004011877172879621,
      0.00374467284028176,
      0.0044584661962950205,
      0.005303712182310643,
      0.005803006329667283,
      0.005846373203597464,
      0.005519824444677656,
      0.005018243370984168,
      0.004565482354336986,
      0.004304264345303333,
      0.0042116171311623015,
      0.004153654055309884,
      0.004021324817907783,
      0.0038030794024994027,
      0.0035743311526190828,
      0.0034324527842494843,
      0.0034085843608588806,
      0.0034338204604509198,
      0.0033973613498402455,
      0.003222892298938633,
      0.0029047113134464974,
      0.0039040620781577925,
      0.004595484407455625,
