{
    "jax": {
        "method": "jax_multi",
        "ncp": 1000,
        "avg_iter_time": 216.89368949290554,
        "p_opt": {
            "g": 9.81,
            "e_g": 0.7969423092280292,
            "e_b": 0.8993006846326977,
            "d_sq": 0.1,
            "y_max": 3.0,
            "y_min": 0.0,
            "x_max": 3.0,
            "x_min": 0.0
        },
        "p_true": {
            "g": 9.81,
            "e_g": 0.8,
            "e_b": 0.9,
            "d_sq": 0.1,
            "y_max": 3.0,
            "y_min": 0.0,
            "x_max": 3.0,
            "x_min": 0.0
        },
        "final_validation_loss": 6.867966966642813e-06,
        "iterations": 100,
        "converged": false
    },
    "pytorch": {
        "method": "pytorch_multi",
        "ncp": 1000,
        "avg_iter_time": 899.4078058184999,
        "p_opt": {
            "e_g": 0.8007261016099688,
            "e_b": 0.8996386080844098
        },
        "p_true": {
            "e_g": 0.8,
            "e_b": 0.9
        },
        "final_validation_loss": 5.404489394594493e-07,
        "iterations": 100,
        "converged": false
    }
}