{
    "jax": {
        "method": "jax_block",
        "ncp": 1000,
        "avg_iter_time": 23.106555169110443,
        "p_opt": {
            "g": 9.827400836795462,
            "e": 0.8003937068080489
        },
        "p_true": {
            "g": 9.81,
            "e": 0.8
        },
        "final_validation_loss": 1.256565927665605e-06,
        "iterations": 500,
        "converged": false
    },
    "pytorch": {
        "method": "pytorch_single",
        "ncp": 1000,
        "avg_iter_time": 124.89152097702026,
        "p_opt": {
            "g": 9.476859298169055,
            "e": 0.7938231813372884
        },
        "p_true": {
            "g": 9.81,
            "e": 0.8
        },
        "final_validation_loss": 0.0017827302880879222,
        "iterations": 500,
        "converged": false
    }
}