{
  "label": "N3",
  "config_path": "config/config_bouncing_balls_N3.yaml",
  "n_balls": 3,
  "ncp": 500,
  "jax": {
    "total_time_s": 23.117882972001098,
    "avg_iter_time_ms": 64.07502389512567,
    "iterations": 300,
    "converged": false,
    "final_validation_loss": 9.37496920180046e-05,
    "p_opt": {
      "g": 9.836547060711977,
      "e_g": 0.4942229947486118,
      "e_b": 0.6009456780989784,
      "d_sq": 0.05,
      "y_max": 10.0,
      "y_min": 0.0,
      "x_max": 10.0,
      "x_min": 0.0
    },
    "p_true": {
      "g": 9.81,
      "e_g": 0.5,
      "e_b": 0.6,
      "d_sq": 0.05,
      "y_max": 10.0,
      "y_min": 0.0,
      "x_max": 10.0,
      "x_min": 0.0
    },
    "opt_param_names": [
      "g",
      "e_g",
      "e_b"
    ],
    "prediction_error_history": [
      1.0099504938362078,
      1.0001499887970187,
      0.990555342482113,
      0.9811655671098388,
      0.9719710662377352,
      0.962949402317607,
      0.954060924827315,
      0.9452472464284514,
      0.9364372846072099,
      0.9275592100648568,
      0.9185557251254147,
      0.9093926082287864,
      0.9000595819607626,
      0.8905661413983722,
      0.8809352714378629,
      0.8711961922384549,
      0.8613796637389122,
      0.851514427750145,
      0.8416250497082725,
      0.8317300054565674,
      0.821842078197187,
      0.8119682944650853,
      0.8021111434596913,
      0.792271361856556,
      0.7824486923929413,
      0.7726428900570066,
      0.7628543757426712,
      0.7530834455494075,
      0.7433285926451998,
      0.7335862411334902,
      0.7238503477450405,
      0.7141129434135524,
      0.7043650501694432,
      0.6945982210187279,
      0.684805775681015,
      0.6749836846609547,
      0.6651310889424643,
      0.6552490557632012,
      0.6453390676236701,
      0.6354022098277803,
      0.6254385932242884,
      0.615446036852639,
      0.6054221603440728,
      0.5953664860844192,
      0.5852839228487294,
      0.5751878530827557,
      0.5651009307398491,
      0.5550519168735795,
      0.545069183605443,
      0.5351736215316292,
      0.5253732572824376,
      0.5156613449663372,
      0.5060185091815773,
      0.4964188228114208,
      0.4868376160347006,
      0.4772572763436709,
      0.4676687413142621,
      0.45806847286504426,
      0.4484532855715497,
      0.4388163485562909,
      0.42914747790946284,
      0.41943754565061414,
      0.4096845504557462,
      0.39989889465410805,
      0.39010486141743245,
      0.3803366786285521,
      0.37063017887880784,
      0.36101314280020425,
      0.3514986047128901,
      0.34208335199839635,
      0.33275226625108567,
      0.32348629695310166,
      0.31426993131190395,
      0.3050948084409158,
      0.29595914181296135,
      0.2868647917654546,
      0.2778145957494734,
      0.26881152111597945,
      0.25986018607472827,
      0.2509690632068922,
      0.24215137861331218,
      0.2334231674451884,
      0.22479870271146554,
      0.2162853115707837,
      0.20788084939514462,
      0.19957539116433295,
      0.1913567481244316,
      0.18321704720458876,
      0.17515674039220305,
      0.16718406731590027,
      0.1593108082726931,
      0.1515472008840437,
      0.1438990806127114,
      0.13636859193703207,
      0.1289575316901197,
      0.12167022435603114,
      0.11451369542425498,
      0.10749494852350792,
      0.10061771373626154,
      0.09388151419944825,
      0.08728405801904039,
      0.08082537229507444,
      0.07451067166982364,
      0.06834993293004972,
      0.06235422344287519,
      0.05653185010895025,
      0.05088648129475211,
      0.045418937906018496,
      0.04013081130932702,
      0.03502714821793896,
      0.03011643878752585,
      0.025408602290090534,
      0.020913725337261255,
      0.01664482179551604,
      0.012628517471873468,
      0.008935917673465039,
      0.005796255991687507,
      0.004038462586323366,
      0.004869000834642029,
      0.0071905795499374115,
      0.009824461949564132,
      0.012439563588444098,
      0.01494379138165357,
      0.01730573863627983,
      0.019513373098930774,
      0.021562802472003633,
      0.023454499565003242,
      0.025191246485090163,
      0.026776646715534296,
      0.028214408760902438,
      0.0295085259722911,
      0.03066390982766036,
      0.03168675410999889,
      0.03258422490402209,
      0.03336371027172867,
      0.03403221604595296,
      0.03459630351221982,
      0.03506244694830768,
      0.035437330878432705,
      0.03572772867247359,
      0.03594006490243144,
      0.03608009522483291,
      0.036153028571082255,
      0.03616400127483114,
      0.03611849294715432,
      0.03602233607538104,
      0.03588134041796692,
      0.035700874781735614,
      0.03548573710902774,
      0.03524034337775012,
      0.03496897646472752,
      0.03467582225755135,
      0.03436477173443703,
      0.034039218659448645,
      0.03370208589557283,
      0.03335608418623919,
      0.03300398182115788,
      0.0326486555445735,
      0.03229289786519189,
      0.03193916837192842,
      0.031589499242281445,
      0.031245596452611234,
      0.030908999419874496,
      0.03058113049144614,
      0.030263214055813836,
      0.02995618815967935,
      0.029660736274904603,
      0.02937743645565967,
      0.029106900883706398,
      0.028849784144894836,
      0.0286066619771603,
      0.028377897287010893,
      0.02816360751969417,
      0.027963741125246196,
      0.027778173187050902,
      0.027606733561539858,
      0.027449168910330023,
      0.02730511319661569,
      0.027174125065675302,
      0.0270557721347607,
      0.02694968265594214,
      0.026855516033382903,
      0.02677288022318724,
      0.026701272709695585,
      0.026640093557452216,
      0.026588708153708365,
      0.02654649725302162,
      0.026512858546613387,
      0.02648718175214467,
      0.02646884419165083,
      0.0264572432340501,
      0.0264518339994781,
      0.02645212999738171,
      0.026457661323688892,
      0.026467928755422667,
      0.02648239561563582,
      0.026500520775944933,
      0.026521797956842428,
      0.02654576741010959,
      0.0265720005762562,
      0.026600086328986843,
      0.026629639260933997,
      0.02666031967361523,
      0.026691838170780937,
      0.026723933824654482,
      0.026756344489206104,
      0.02678879721435631,
      0.02682102604437001,
      0.026852797459871586,
      0.026883919445725914,
      0.026914230884033878,
      0.026943588649668827,
      0.02697186797711052,
      0.02699897221157489,
      0.027024835250434375,
      0.027049408513415137,
      0.027072643117315644,
      0.027094484558546045,
      0.027114884212121406,
      0.027133814697748688,
      0.027151273923403337,
      0.02716727651507668,
      0.027181844419937054,
      0.02719500638248111,
      0.02720680309608018,
      0.027217287491749217,
      0.027226516206676963,
      0.02723453994505141,
      0.027241402771457392,
      0.027247150766878992,
      0.027251840549582684,
      0.02725553927282985,
      0.027258317717397104,
      0.027260244858724223,
      0.027261388583226777,
      0.02726181874105862,
      0.02726160616203617,
      0.02726081719605057,
      0.02725950976659181,
      0.027257735738057693,
      0.02725554723778153,
      0.027253000266879625,
      0.027250152405038256,
      0.027247058049599895,
      0.027243766484144245,
      0.027240323611599584,
      0.027236773536093845,
      0.027233157030430614,
      0.027229508641794048,
      0.027225856438520685,
      0.027222225366101305,
      0.027218640843915832,
      0.027215129008505926,
      0.02721171395932521,
      0.027208415483375662,
      0.027205249448374904,
      0.02720222945491492,
      0.027199367107364987,
      0.027196670637462787,
      0.02719414416043207,
      0.02719178918731367,
      0.027189607133973673,
      0.02718760025262011,
      0.027185770280354266,
      0.027184116673685903,
      0.027182636406513472,
