{
  "label": "N7",
  "config_path": "config/config_bouncing_balls_N7.yaml",
  "n_balls": 7,
  "ncp": 500,
  "jax": {
    "total_time_s": 81.92570391399204,
    "avg_iter_time_ms": 245.53437304996845,
    "iterations": 300,
    "converged": false,
    "final_validation_loss": 7.759307528312862e-06,
    "p_opt": {
      "g": 9.824741905320103,
      "e_g": 0.5004415678341094,
      "e_b": 0.5994160405878253,
      "d_sq": 0.05,
      "y_max": 10.0,
      "y_min": 0.0,
      "x_max": 10.0,
      "x_min": 0.0
    },
    "p_true": {
      "g": 9.81,
      "e_g": 0.5,
      "e_b": 0.6,
      "d_sq": 0.05,
      "y_max": 10.0,
      "y_min": 0.0,
      "x_max": 10.0,
      "x_min": 0.0
    },
    "opt_param_names": [
      "g",
      "e_g",
      "e_b"
    ],
    "prediction_error_history": [
      1.0099504938362078,
      1.0001499892883,
      0.9920150508658652,
      0.9842195267308971,
      0.9767004223873508,
      0.9694302283186133,
      0.9616446831279546,
      0.9530151077737056,
      0.9442515298666225,
      0.935486094934781,
      0.9267879859802626,
      0.9182029522734548,
      0.9097656919990669,
      0.9015030629391366,
      0.8934310933795242,
      0.8855508512944331,
      0.8778455546466445,
      0.870284151113561,
      0.8628268634399633,
      0.8554305558375505,
      0.8480550816632535,
      0.8406665113812741,
      0.8332393151147534,
      0.8257549916475874,
      0.8181999016760517,
      0.8105643251936374,
      0.8028399841254777,
      0.7950202227216298,
      0.7870995323537124,
      0.7790733820501851,
      0.7709391956536817,
      0.762694856104795,
      0.7543394494856825,
      0.74587326253794,
      0.7372979146162767,
      0.7286165572722705,
      0.7198340117364381,
      0.7109572376669033,
      0.7019954982662289,
      0.6929599655498282,
      0.6838629557921632,
      0.6747179837878418,
      0.6655387124217531,
      0.6563378935028863,
      0.6471270310343549,
      0.6379158358237003,
      0.6287112501967576,
      0.6195176837967415,
      0.6103373317471166,
      0.6011703794717914,
      0.5920156418379097,
      0.5828708044156078,
      0.5737333435376842,
      0.5646005630411128,
      0.5554695465883687,
      0.5463369039581737,
      0.5371987102047391,
      0.5280501755991784,
      0.5188855682303587,
      0.5096988301364894,
      0.5004834618318478,
      0.4912337065219846,
      0.4819449061742278,
      0.47261402965249266,
      0.46327211670234697,
      0.4539166485964874,
      0.44454654565017554,
      0.43516316669154675,
      0.4257704059282704,
      0.41637482367042017,
      0.4069856202990321,
      0.3976141391181446,
      0.388273371392274,
      0.37897743341433965,
      0.36974098659056887,
      0.36057843041026016,
      0.3515038830391635,
      0.3425303715795317,
      0.3336697981847708,
      0.32493286176191777,
      0.31632894333097994,
      0.30786629599014803,
      0.2995517064241111,
      0.2913902820049417,
      0.2833850593534277,
      0.27553637094952615,
      0.26784218334595467,
      0.26029799065379566,
      0.25289712443856244,
      0.24563148621320258,
      0.2384924159638562,
      0.2314713821127911,
      0.2245605282518363,
      0.2177526579864594,
      0.21104131896118122,
      0.20442073923445175,
      0.1978856202733213,
      0.19143183653128232,
      0.18505685312732015,
      0.1787599487522559,
      0.1725425891198622,
      0.16640836998361824,
      0.16036298257468837,
      0.15441361502717546,
      0.1485680022876302,
      0.14283390182058403,
      0.13702489705775348,
      0.13105050352063988,
      0.12504733481183306,
      0.1190471801212264,
      0.11305484157494286,
      0.10708234907192085,
      0.10113472370935475,
      0.09521795752220681,
      0.08935656069456432,
      0.08357682132275686,
      0.07791947232175873,
      0.07240738009980097,
      0.06706195157998708,
      0.061878225240406565,
      0.05683773441943922,
      0.051919340699528485,
      0.04711793395535618,
      0.04244449002670334,
      0.03791490900993111,
      0.03352417446507834,
      0.029271499873131712,
      0.025137172443470954,
      0.0210861420683491,
      0.017108920602675756,
      0.013221619448275414,
      0.009466117180396192,
      0.00597113082116577,
      0.0032394951116468235,
      0.003152966227212783,
      0.005312959522894756,
      0.007733146573797089,
      0.01007601550075473,
      0.012335958916549962,
      0.014495229657295718,
      0.01648628696512212,
      0.018244448537031454,
      0.01975063890642999,
      0.02102852629130655,
      0.0221149042206024,
      0.023034078820066767,
      0.023791124827711473,
      0.02438287373918746,
      0.02481148047724313,
      0.025099835467682664,
      0.02525718928698311,
      0.025289690351376685,
      0.02519199322680791,
      0.024984153088935732,
      0.024686764887631843,
      0.024312074270597745,
      0.023866068656158264,
      0.023351976536286873,
      0.02277795913909082,
      0.02216254465719224,
      0.021526253703731804,
      0.02088259435309365,
      0.020239531070703608,
      0.019601788630723545,
      0.01897011146150035,
      0.018345223434976365,
      0.01773296247764939,
      0.017141913862555206,
      0.016578680787812574,
      0.01604807628424722,
      0.01555384449319564,
      0.01509913645852863,
      0.014687429893455657,
      0.01432103267456078,
      0.013999388094383685,
      0.013720425780267574,
      0.013481441002954673,
      0.013278911491804405,
      0.013110467254976074,
      0.012976168784803609,
      0.01287612866060621,
      0.012809206490442293,
      0.012774286361782754,
      0.01277018974160748,
      0.012794510033205642,
      0.012843575239128649,
      0.01291286451566499,
      0.01299776887721718,
      0.013094762274438471,
      0.013201567824956604,
      0.013316569563249461,
      0.013438581015771715,
      0.013566423272654702,
      0.013698471995222861,
      0.013832844455053324,
      0.013967616286243984,
      0.01410050919352633,
      0.014229049387439522,
      0.014351224773536177,
      0.014465781747671325,
      0.014572137716912495,
      0.014670140117918864,
      0.014759768904696088,
      0.014841039099905697,
      0.014914029409131481,
      0.014978770454382999,
      0.015035116704473077,
      0.01508273716822292,
      0.015121224863964363,
      0.015150416689364846,
      0.015170714549159704,
      0.015183014763793303,
      0.015188357561579909,
      0.015187662853326107,
      0.015181650240185697,
      0.015170901387989455,
      0.015155961950436147,
      0.015137344925817031,
      0.015115477343487142,
      0.015090718641599105,
      0.015063463085434239,
      0.01503426746872066,
      0.015003891042392367,
      0.014973163559007786,
      0.014942789765586082,
      0.014913247344478592,
      0.014884797401341646,
      0.014857568909078599,
      0.014831663584749294,
      0.014807208584057282,
      0.014784353327557974,
      0.014763259271299786,
      0.01474409925945482,
      0.014727056468174442,
      0.014712300247799532,
      0.014699928447932777,
      0.014689915691397694,
      0.014682110549375038,
      0.014676283888915216,
      0.014672207092872326,
      0.01466971561227966,
      0.014668715848556526,
      0.014669146833781364,
      0.014670938394947354,
      0.01467398974606812,
      0.014678168939340108,
      0.014683317183071858,
      0.014689246932195088,
      0.014695744681986663,
      0.01470259184624653,
      0.014709600415873724,
      0.014716643557240453,
      0.014723656237225947,
      0.014730603007703173,
      0.014737439016043541,
      0.014744090540035852,
      0.014750461530153875,
      0.014756454281887557,
      0.014761985707569508,
      0.0147669921915714,
      0.014771430652914922,
      0.014775283039678217,
      0.014778561399256,
      0.014781303697972464,
      0.01478355594182195,
      0.014785350656727562,
