{
  "config_path": "/home/imatei/repositories/dae-sensitivity-free-optimization/config/config_cauer.yaml",
  "variant": "diffrax",
  "n_steps": 1001,
  "t_start": 0.0,
  "t_stop": 60.0,
  "loss_type": "mean",
  "step_size": 0.0001,
  "beta1": 0.9,
  "beta2": 0.999,
  "epsilon": 1e-08,
  "max_iter": 200,
  "tol": 1e-08,
  "bias_factor": 0.3,
  "bias_seed": 0,
  "opt_param_names": [
    "C1_C",
    "C2_C",
    "C3_C",
    "C4_C",
    "C5_C",
    "L1_L",
    "L2_L"
  ],
  "p_true_opt": [
    1.072,
    0.26380177746657757,
    1.682,
    0.8365378334947966,
    0.7262,
    1.304,
    0.8586
  ],
  "p_init_opt": [
    1.1600937572851595,
    0.22736337300326978,
    1.2187504803564078,
    0.5938720788970541,
    0.8626981086243427,
    1.6269399636620896,
    0.9135344862442204
  ],
  "p_opt": [
    1.1324214784255942,
    0.24460501096612774,
    1.237462431189516,
    0.6135265685073401,
    0.8446774245415596,
    1.639928280749676,
    0.932977882899436
  ],
  "loss_history": [
    0.0004561408063163392,
    0.00045532875782742344,
    0.0004545182270633178,
    0.00045370921451403723,
    0.00045290166096193315,
    0.00045209544982575657,
    0.0004512904886782247,
    0.0004504867444640872,
    0.00044968421635384646,
    0.00044888291463252044,
    0.0004480828531957937,
    0.0004472840470416676,
    0.0004464865112559075,
    0.00044569026101816194,
    0.0004448953112762765,
    0.00044410167667528164,
    0.0004433093715375559,
    0.0004425184097918064,
    0.00044172880497524224,
    0.0004409405701839686,
    0.0004401537180164273,
    0.00043936826065978123,
    0.00043858420987559965,
    0.0004378015769788681,
    0.00043702037270998434,
    0.00043624060732626253,
    0.00043546229073344444,
    0.0004346854323745943,
    0.0004339100412202369,
    0.0004331361258145129,
    0.0004323636943027425,
    0.0004315927544168577,
    0.00043082331347737144,
    0.00043005537839777187,
    0.0004292889557037718,
    0.00042852405154790104,
    0.00042776067176258887,
    0.00042699882180572893,
    0.00042623850682001614,
    0.00042547973105748233,
    0.0004247224985567733,
    0.0004239668147613421,
    0.00042321268372051056,
    0.0004224601091538269,
    0.000421709094593375,
    0.0004209596433335446,
    0.00042021175845257346,
    0.0004194654428277609,
    0.00041872069911748756,
    0.00041797752982520827,
    0.00041723593730373675,
    0.00041649592370419193,
    0.00041575749100175645,
    0.0004150206410315577,
    0.00041428537549925227,
    0.0004135516959772284,
    0.0004128196038954226,
    0.0004120891005864585,
    0.00041136018725070246,
    0.0004106328649901992,
    0.00040990713477336824,
    0.00040918299749026374,
    0.0004084604539455671,
    0.00040773950487495034,
    0.00040702015091894316,
    0.00040630239262600434,
    0.0004055862304848717,
    0.0004048716648852808,
    0.0004041586961471849,
    0.00040344732450272924,
    0.0004027375501228014,
    0.0004020293731417819,
    0.0004013227936297688,
    0.00040061781158704,
    0.00039991442697143,
    0.00039921263965746537,
    0.00039851244947661425,
    0.0003978138562128718,
    0.00039711685959539214,
    0.00039642145931840665,
    0.0003957276549875178,
    0.00039503544613665877,
    0.0003943448322690481,
    0.00039365581284320477,
    0.00039296838730220614,
    0.00039228255502420133,
    0.00039159831534932884,
    0.0003909156675615045,
    0.00039023461089840726,
    0.00038955514456113724,
    0.0003888772677043211,
    0.00038820097944600857,
    0.000387526278857852,
    0.00038685316495678927,
    0.0003861816367052372,
    0.00038551169303203476,
    0.0003848433328335831,
    0.0003841765549524931,
    0.0003835113581973484,
    0.0003828477413161499,
    0.00038218570299371847,
    0.00038152524189614853,
    0.00038086635663301353,
    0.00038020904576459866,
    0.0003795533078237607,
    0.0003788991413040714,
    0.00037824654465724546,
    0.0003775955162826793,
    0.00037694605455244434,
    0.00037629815779143943,
    0.00037565182428530067,
    0.0003750070522940722,
    0.0003743638400357034,
    0.0003737221856754181,
    0.00037308208732082446,
    0.0003724435430670738,
    0.000371806550957163,
    0.00037117110898684125,
    0.00037053721511549475,
    0.0003699048672365705,
    0.00036927406321768245,
    0.00036864480086879354,
    0.00036801707798270476,
    0.00036739089232278184,
    0.00036676624161249794,
    0.00036614312352044765,
    0.00036552153567402337,
    0.0003649014756594557,
    0.00036428294101848894,
    0.0003636659292401778,
    0.0003630504377897366,
    0.00036243646409745133,
    0.00036182400556220587,
    0.00036121305954168054,
    0.00036060362333484525,
    0.0003599956942002529,
    0.0003593892693694627,
    0.00035878434603179736,
    0.00035818092134076566,
    0.000357578992411621,
    0.0003569785563224909,
    0.0003563796101180652,
    0.0003557821508112799,
    0.00035518617538279337,
    0.0003545916807781835,
    0.0003539986638994214,
    0.0003534071216151487,
    0.0003528170507525448,
    0.0003522284481078417,
    0.0003516413104369443,
    0.00035105563446362765,
    0.00035047141687515596,
    0.00034988865432282343,
    0.00034930734339877955,
    0.0003487274806797503,
    0.00034814906272904187,
    0.0003475720860747368,
    0.00034699654719936717,
    0.000346422442546442,
    0.0003458497685325893,
    0.0003452785215542962,
    0.00034470869797079384,
    0.0003441402941080106,
    0.0003435733062680565,
    0.00034300773071209537,
    0.00034244356366664114,
    0.0003418808013464426,
    0.000341319439990993,
    0.00034075947591384164,
    0.00034020090504844843,
    0.00033964372349904126,
    0.00033908792733990047,
    0.00033853351264767444,
    0.0003379804756291876,
    0.00033742881206328215,
    0.0003368785179188674,
    0.0003363295891319443,
    0.0003357820216227028,
    0.0003352358112910896,
    0.00033469095400579755,
    0.0003341474456123965,
    0.00033360528193756124,
    0.00033306445877565017,
    0.0003325249719086489,
    0.0003319868170957918,
    0.0003314499900716629,
    0.0003309144865549953,
    0.0003303803022528756,
    0.0003298474328533531,
    0.000329315874018992,
    0.00032878562139589427,
    0.00032825667060928796,
    0.0003277290172722692,
    0.00032720265698419195,
    0.0003266775854171372,
    0.0003261537980535058,
    0.00032563129044813684,
    0.00032511005813930065,
    0.00032459009665209413,
    0.00032407140150086304
  ],