{
  "config_path": "/home/imatei/repositories/dae-sensitivity-free-optimization/config/config_cauer.yaml",
  "variant": "ad",
  "n_steps": 1001,
  "t_start": 0.0,
  "t_stop": 60.0,
  "loss_type": "mean",
  "step_size": 0.0001,
  "beta1": 0.9,
  "beta2": 0.999,
  "epsilon": 1e-08,
  "max_iter": 200,
  "tol": 1e-08,
  "bias_factor": 0.3,
  "bias_seed": 0,
  "opt_param_names": [
    "C1_C",
    "C2_C",
    "C3_C",
    "C4_C",
    "C5_C",
    "L1_L",
    "L2_L"
  ],
  "p_true_opt": [
    1.072,
    0.26380177746657757,
    1.682,
    0.8365378334947966,
    0.7262,
    1.304,
    0.8586
  ],
  "p_init_opt": [
    1.1600937572851595,
    0.22736337300326978,
    1.2187504803564078,
    0.5938720788970541,
    0.8626981086243427,
    1.6269399636620896,
    0.9135344862442204
  ],
  "p_opt": [
    1.132421767078426,
    0.24460481675133805,
    1.2374623938801794,
    0.6135264556853673,
    0.8446773969121703,
    1.6399269428074243,
    0.932977786378158
  ],
  "loss_history": [
    0.00045612816221169745,
    0.0004553161209215256,
    0.00045450559758296663,
    0.00045369659294768803,
    0.0004528890481575605,
    0.0004520828468705825,
    0.00045127789648255327,
    0.0004504741636553785,
    0.00044967164731695195,
    0.0004488703576678277,
    0.0004480703084914973,
    0.0004472715146955329,
    0.00044647399147241303,
    0.0004456777539688304,
    0.00044488281713039033,
    0.0004440891956150379,
    0.00044329690373777616,
    0.00044250595543215754,
    0.0004417163642222615,
    0.00044092814320195235,
    0.0004401413050198351,
    0.0004393558618688129,
    0.0004385718254794135,
    0.0004377892071165193,
    0.0004370080175789193,
    0.00043622826720136687,
    0.00043544996585886595,
    0.0004346731229727407,
    0.0004338977475185332,
    0.00043312384803513,
    0.0004323514326351649,
    0.0004315805090164577,
    0.00043081108447414536,
    0.00043004316591355353,
    0.00042927675986355974,
    0.00042851187249021676,
    0.0004277485096106957,
    0.0004269866767072892,
    0.0004262263789414245,
    0.0004254676211676214,
    0.0004247104079472332,
    0.0004239547435620175,
    0.0004232006320273841,
    0.0004224480771052817,
    0.0004216970823167684,
    0.0004209476509541051,
    0.0004201997860924409,
    0.0004194534906010125,
    0.00041870876715391125,
    0.0004179656182403104,
    0.0004172240461742658,
    0.00041648405310397354,
    0.0004157456410205855,
    0.00041500881176651715,
    0.0004142735670433044,
    0.0004135399084190038,
    0.0004128078373351413,
    0.00041207735511322876,
    0.00041134846296086714,
    0.0004106211619774762,
    0.00040989545315959786,
    0.0004091713374058761,
    0.00040844881552166843,
    0.00040772788822334094,
    0.0004070085561422429,
    0.0004062908198283886,
    0.00040557467975388384,
    0.00040486013631605545,
    0.00040414718984035957,
    0.00040343584058305016,
    0.0004027260887336573,
    0.0004020179344172203,
    0.00040131137769639164,
    0.000400606418573304,
    0.00039990305699132855,
    0.00039920129283666173,
    0.00039850112593977147,
    0.0003978025560767173,
    0.0003971055829703522,
    0.00039641020629143845,
    0.0003957164256596225,
    0.00039502424064430933,
    0.00039433365076556217,
    0.00039364465549475116,
    0.0003929572542552745,
    0.000392271446423167,
    0.0003915872313276076,
    0.00039090460825144907,
    0.0003902235764316338,
    0.0003895441350596194,
    0.00038886628328171116,
    0.0003881900201994066,
    0.00038751534486967514,
    0.0003868422563052143,
    0.0003861707534747083,
    0.00038550083530301794,
    0.0003848325006713814,
    0.0003841657484175984,
    0.0003835005773361644,
    0.00038283698617844685,
    0.000382174973652796,
    0.0003815145384246712,
    0.0003808556791167721,
    0.00038019839430910966,
    0.00037954268253915607,
    0.0003788885423018981,
    0.00037823597204994356,
    0.00037758497019362345,
    0.00037693553510107435,
    0.0003762876650983107,
    0.0003756413584693362,
    0.00037499661345622397,
    0.0003743534282591843,
    0.0003737118010366832,
    0.0003730717299055385,
    0.00037243321294098204,
    0.0003717962481768016,
    0.00037116083360539347,
    0.00037052696717793137,
    0.0003698946468044149,
    0.0003692638703538289,
    0.0003686346356542459,
    0.00036800694049295087,
    0.00036738078261656476,
    0.0003667561597312125,
    0.000366133069502617,
    0.0003655115095562718,
    0.0003648914774775966,
    0.00036427297081209435,
    0.00036365598706549504,
    0.0003630405237039551,
    0.0003624265781542174,
    0.0003618141478038,
    0.00036120323000117603,
    0.00036059382205598327,
    0.00035998592123922293,
    0.00035937952478345953,
    0.0003587746298830456,
    0.000358171233694342,
    0.0003575693333359388,
    0.0003569689258889106,
    0.0003563700083970192,
    0.00035577257786701316,
    0.0003551766312688524,
    0.00035458216553595147,
    0.0003539891775655116,
    0.0003533976642187215,
    0.00035280762232108975,
    0.0003522190486627104,
    0.0003516319399985663,
    0.0003510462930488392,
    0.0003504621044991911,
    0.0003498793710011164,
    0.00034929808917222473,
    0.0003487182555966046,
    0.0003481398668251277,
    0.00034756291937582774,
    0.0003469874097341965,
    0.00034641333435358833,
    0.0003458406896555538,
    0.0003452694720302155,
    0.0003446996778366282,
    0.0003441313034031899,
    0.00034356434502798,
    0.00034299879897920865,
    0.0003424346614955721,
    0.00034187192878666855,
    0.0003413105970334208,
    0.0003407506623884738,
    0.0003401921209766472,
    0.0003396349688953239,
    0.0003390792022149158,
    0.00033852481697929876,
    0.00033797180920624905,
    0.00033742017488790885,
    0.00033686990999121536,
    0.00033632101045840887,
    0.0003357734722074596,
    0.0003352272911325706,
    0.00033468246310463623,
    0.00033413898397172977,
    0.0003335968495596129,
    0.0003330560556722002,
    0.0003325165980920766,
    0.00033197847258099666,
    0.0003314416748803967,
    0.00033090620071189996,
    0.00033037204577784386,
    0.00032983920576178783,
    0.00032930767632906056,
    0.0003287774531272643,
    0.0003282485317868392,
    0.0003277209079215685,
    0.00032719457712914623,
    0.0003266695349917108,
    0.00032614577707639955,
    0.0003256232989358899,
    0.0003251020961089663,
    0.0003245821641210756,
    0.00032406349848488556
  ],